Section,Subsection,Field,Type,Option,Price,Price_large,Pricing,Applicable,Feature,Build Type,Duplicate,Quantity,Image URL
Structural,Structural,Higher Sidewall for Wooden Buildings,numeric,,4.6,4.8,ln_ft,"small, large",Non-vinyl,,,,
Structural,Structural,Higher Sidewall for Vinyl Buildings,numeric,,6,6,ln_ft,"small, large",vinyl,,,,
Structural,Structural,16 OC,checkbox,,3,,percent,small,,,,,
Structural,Structural,Roof Pitch,numeric,,0.85,0.8,sq_ft,"small, large",,,,,
Structural,Structural,Runner Upgrade,check_price,,,,len,small,,,,,
Structural,Structural,4x4 Runner,numeric,,2.05,,len,small,,,,,
Structural,Structural,4x6 Runner,numeric,,3.35,,len,"small, large",,,,,
Structural,Custom,Custom Field,text,,,,each,"small, large",,,,,
Doors,Default Doors,Default Door,radio,"36"" 9-lite Steel Entry Door",0,0,each,large,,,,,
Doors,Default Doors,Default Door,radio,No Door,0,0,each,large,,,,,
Doors,Default Doors,Double Door Set,radio,4',175,175,each,small,,,,,4 double door.png
Doors,Default Doors,Double Door Set,radio,5',175,175,each,small,,,,,5 double door.png
Doors,Default Doors,Double Door Set,radio,6',245,245,each,small,,,,,6 double door.png
Doors,Default Doors,Double Door Set,radio,7',245,245,each,small,,,,,7 double door.png
Doors,Default Doors,Double Door Set,radio,No Door,175,175,each,"small, large",,,,,
Doors,Default Doors,Man Door,radio,"30""",95,90,each,small,,,,,small door swing left.png
Doors,Default Doors,Man Door,radio,"36""",95,90,each,small,,,,,small door swing left.png
Doors,Default Doors,Man Door,radio,No Door,95,95,each,small,,,,,
Doors,Extra Doors,"30""",numeric,,95,95,each,"small, large",,,,,
Doors,Extra Doors,"36""",numeric,,95,95,each,"small, large",,,,,
Doors,Extra Doors,4',numeric,,175,175,each,"small, large",,,,,4 double door.png
Doors,Extra Doors,5',numeric,,175,175,each,"small, large",,,,,5 double door.png
Doors,Extra Doors,6',numeric,,245,245,each,"small, large",,,,,6 double door.png
Doors,Extra Doors,7',numeric,,245,245,each,"small, large",,,,,7 double door.png
Doors,Extra Doors,10'W x 7'H Sliding Wooden Door,numeric,,,695,each,large,,,,,
Doors,Extra Doors,10'w x 7'H Sliding Wooden Door with Transom,numeric,,,940,each,large,,,,,
Doors,Extra Doors,"90"" Triple Door System",numeric,,,615,each,large,,,,,triple door.png
Doors,Extra Doors,"108"" Triple Door System",numeric,,,615,each,large,,,,,
Doors,Steel Entry Door,"36"" 6-Panel Steel Entry Door",numeric,,370,,each,"small, large",,,,,
Doors,Steel Entry Door,"36"" 9-lite Steel Entry Door",numeric,,430,,each,"small, large",,,,,
Doors,Steel Entry Door,"36"" 15-lite Steel Entry Door",numeric,,640,,each,"small, large",,,,,
Doors,Steel Entry Door,"36"" 6-lite Steel Entry Door w/ Dentil Shelf",numeric,,850,,each,"small, large",,,,,
Doors,Steel Entry Door,"72"" 6-panel Steel Entry Door",numeric,,740,,each,"small, large",,,,,
Doors,Steel Entry Door,"72"" 9-lite Steel Entry Door",numeric,,995,,each,"small, large",,,,,
Doors,Steel Entry Door,"72"" 15-lite Steel Entry Door",numeric,,1195,,each,"small, large",,,,,
Doors,Door Add-Ons,Dead Bolt,numeric,,50,,each,"small, large",,,,,
Doors,Door Add-Ons,Cane Bolt,numeric,,20,,each,small,,,,,
Doors,Overhead Door,8'W x 7'H Overhead Door,select,8'W x 7'H Overhead Door - Non-Insulated,830,,each,"small, large",,,,,8x7 garage door.png
Doors,Overhead Door,8'W x 7'H Overhead Door,select,8'W x 7'H Overhead Door - Economy Insulated,935,,each,"small, large",,,,,8x7 garage door.png
Doors,Overhead Door,8'W x 7'H Overhead Door,select,8'W x 7'H Overhead Door - Standard Insulated,1130,,each,"small, large",,,,,8x7 garage door.png
Doors,Overhead Door,8'W x 7'H Overhead Door,select,8'W x 7'H Overhead Door - Carriage House Style,1705,,each,"small, large",,,,,8x7 garage door.png
Doors,Overhead Door,"Window Lites for Non, Economy, or Standard Insulated Doors",numeric,,250,,each,"small, large",,,TRUE,,
Doors,Overhead Door,9'W x 7'H Overhead Door,select,9'W x 7'H Overhead Door - Non-Insulated,860,,each,"small, large",,,,,9x7 garage door.png
Doors,Overhead Door,9'W x 7'H Overhead Door,select,9'W x 7'H Overhead Door - Economy Insulated,995,,each,"small, large",,,,,9x7 garage door.png
Doors,Overhead Door,9'W x 7'H Overhead Door,select,9'W x 7'H Overhead Door - Standard Insulated,1215,,each,"small, large",,,,,9x7 garage door.png
Doors,Overhead Door,9'W x 7'H Overhead Door,select,9'W x 7'H Overhead Door - Carriage House Style,1790,,each,"small, large",,,,,9x7 garage door.png
Doors,Overhead Door,"Window Lites for Non, Economy, or Standard Insulated Doors",numeric,,250,,each,"small, large",,,TRUE,,
Doors,Overhead Door,9'W x 8'H Overhead Door,select,9'W x 8'H Overhead Door - Non-Insulated,1000,,each,"small, large",,,,,
Doors,Overhead Door,9'W x 8'H Overhead Door,select,9'W x 8'H Overhead Door - Economy Insulated,1125,,each,"small, large",,,,,
Doors,Overhead Door,9'W x 8'H Overhead Door,select,9'W x 8'H Overhead Door - Standard Insulated,1305,,each,"small, large",,,,,
Doors,Overhead Door,9'W x 8'H Overhead Door,select,9'W x 8'H Overhead Door - Carriage House Style,1890,,each,"small, large",,,,,
Doors,Overhead Door,"Window Lites for Non, Economy, or Standard Insulated Doors",numeric,,250,,each,"small, large",,,TRUE,,
Doors,Overhead Door,10'W x 7'H Overhead Door,select,10'W x 7'H Overhead Door - Non-Insulated,990,,each,"small, large",,,,,
Doors,Overhead Door,10'W x 7'H Overhead Door,select,10'W x 7'H Overhead Door - Economy Insulated,1115,,each,"small, large",,,,,
Doors,Overhead Door,10'W x 7'H Overhead Door,select,10'W x 7'H Overhead Door - Standard Insulated,1300,,each,"small, large",,,,,
Doors,Overhead Door,10'W x 7'H Overhead Door,select,10'W x 7'H Overhead Door - Carriage House Style,1880,,each,"small, large",,,,,
Doors,Overhead Door,"Window Lites for Non, Economy, or Standard Insulated Doors",numeric,,305,,each,"small, large",,,TRUE,,
Doors,Overhead Door,10'W x 8'H Overhead Door,select,10'W x 8'H Overhead Door - Non-Insulated,1070,,each,"small, large",,,,,
Doors,Overhead Door,10'W x 8'H Overhead Door,select,10'W x 8'H Overhead Door - Economy Insulated,1245,,each,"small, large",,,,,
Doors,Overhead Door,10'W x 8'H Overhead Door,select,10'W x 8'H Overhead Door - Standard Insulated,1390,,each,"small, large",,,,,
Doors,Overhead Door,10'W x 8'H Overhead Door,select,10'W x 8'H Overhead Door - Carriage House Style,1970,,each,"small, large",,,,,
Doors,Overhead Door,"Window Lites for Non, Economy, or Standard Insulated Doors",numeric,,305,,each,"small, large",,,TRUE,,
Doors,Overhead Door,12'W x 7'H Overhead Door,select,12'W x 7'H Overhead Door - Non-Insulated,1150,,each,"small, large",,,,,
Doors,Overhead Door,12'W x 7'H Overhead Door,select,12'W x 7'H Overhead Door - Economy Insulated,1265,,each,"small, large",,,,,
Doors,Overhead Door,12'W x 7'H Overhead Door,select,12'W x 7'H Overhead Door - Standard Insulated,1555,,each,"small, large",,,,,
Doors,Overhead Door,12'W x 7'H Overhead Door,select,12'W x 7'H Overhead Door - Carriage House Style,2390,,each,"small, large",,,,,
Doors,Overhead Door,"Window Lites for Non, Economy, or Standard Insulated Doors",numeric,,375,,each,"small, large",,,TRUE,,
Doors,Overhead Door,12'W x 8'H Overhead Door,select,12'W x 8'H Overhead Door - Non-Insulated,1285,,each,"small, large",,,,,
Doors,Overhead Door,12'W x 8'H Overhead Door,select,12'W x 8'H Overhead Door - Economy Insulated,1430,,each,"small, large",,,,,
Doors,Overhead Door,12'W x 8'H Overhead Door,select,12'W x 8'H Overhead Door - Standard Insulated,1680,,each,"small, large",,,,,
Doors,Overhead Door,12'W x 8'H Overhead Door,select,12'W x 8'H Overhead Door - Carriage House Style,2510,,each,"small, large",,,,,
Doors,Overhead Door,"Window Lites for Non, Economy, or Standard Insulated Doors",numeric,,375,,each,"small, large",,,TRUE,,
Doors,Overhead Door,16'W x 7'H Overhead Door,select,16'W x 7'H Overhead Door - Non-Insulated,1270,,each,"small, large",,,,,
Doors,Overhead Door,16'W x 7'H Overhead Door,select,16'W x 7'H Overhead Door - Economy Insulated,1465,,each,"small, large",,,,,
Doors,Overhead Door,16'W x 7'H Overhead Door,select,16'W x 7'H Overhead Door - Standard Insulated,1695,,each,"small, large",,,,,
Doors,Overhead Door,16'W x 7'H Overhead Door,select,16'W x 7'H Overhead Door - Carriage House Style,2750,,each,"small, large",,,,,
Doors,Overhead Door,"Window Lites for Non, Economy, or Standard Insulated Doors",numeric,,490,,each,"small, large",,,TRUE,,
Doors,Overhead Door,16'W x 8'H Overhead Door,select,16'W x 8'H Overhead Door - Non-Insulated,1420,,each,"small, large",,,,,
Doors,Overhead Door,16'W x 8'H Overhead Door,select,16'W x 8'H Overhead Door - Economy Insulated,1640,,each,"small, large",,,,,
Doors,Overhead Door,16'W x 8'H Overhead Door,select,16'W x 8'H Overhead Door - Standard Insulated,1885,,each,"small, large",,,,,
Doors,Overhead Door,16'W x 8'H Overhead Door,select,16'W x 8'H Overhead Door - Carriage House Style,2940,,each,"small, large",,,,,
Doors,Overhead Door,"Window Lites for Non, Economy, or Standard Insulated Doors",numeric,,490,,each,"small, large",,,TRUE,,
Doors,Overhead Door Add-Ons,Overhead Door Opener w/ One Remote,numeric,,395,,each,"small, large",,,,,
Doors,Overhead Door Add-Ons,Additional Remote,numeric,,50,,each,"small, large",,,,,
Doors,Custom,Custom Field,text,,,,each,"small, large",,,,,
Windows,Windows,2' x 2' Single Hung with screen & grids,select,2' x 2' Single Hung with screen & grids - White,85,85,each,"small, large",,,,,2x3 window.png
Windows,Windows,2' x 2' Single Hung with screen & grids,select,2' x 2' Single Hung with screen & grids – Brown,85,85,each,"small, large",,,,,2x3 window.png
Windows,Windows,2' x 3' Single Hung with screen & grids,select,2' x 3' Single Hung with screen & grids - White,95,95,each,"small, large",,,,,2x3 window.png
Windows,Windows,2' x 3' Single Hung with screen & grids,select,2' x 3' Single Hung with screen & grids - Brown,95,95,each,"small, large",,,,,2x3 window.png
Windows,Windows,2' x 4' Single Hung with screen & grids,select,2' x 4' Single Hung with screen & grids - White,130,125,each,"small, large",,,,,2x3 window.png
Windows,Windows,2' x 4' Single Hung with screen & grids,select,2' x 4' Single Hung with screen & grids - Brown,130,125,each,"small, large",,,,,2x3 window.png
Windows,Windows,2' x 3' Window with Transom,select,2' x 3' Window with Transom - White,160,160,each,"small, large",,,,,2x3 taw.png
Windows,Windows,2' x 3' Window with Transom,select,2' x 3' Window with Transom - Brown,160,160,each,"small, large",,,,,2x3 taw.png
Windows,Windows,2' x 3' Vinyl SINGLE HUNG Window with screen & grids,select,2' x 3' Vinyl SINGLE HUNG Window with screen & grids - White,195,200,each,"small, large",,,,,2x3 window.png
Windows,Windows,2' x 3' Vinyl SINGLE HUNG Window with screen & grids,select,2' x 3' Vinyl SINGLE HUNG Window with screen & grids - Almond,245,235,each,"small, large",,,,,2x3 window.png
Windows,Windows,2' x 3' Vinyl SINGLE HUNG Window with screen & grids,select,2' x 3' Vinyl SINGLE HUNG Window with screen & grids - Clay,245,235,each,"small, large",,,,,2x3 window.png
Windows,Windows,2' x 4' Vinyl SINGLE HUNG Window with screen & grids,select,2' x 4' Vinyl SINGLE HUNG Window with screen & grids - White,215,230,each,"small, large",,,,,
Windows,Windows,2' x 4' Vinyl SINGLE HUNG Window with screen & grids,select,2' x 4' Vinyl SINGLE HUNG Window with screen & grids - Almond,265,265,each,"small, large",,,,,
Windows,Windows,2' x 4' Vinyl SINGLE HUNG Window with screen & grids,select,2' x 4' Vinyl SINGLE HUNG Window with screen & grids - Clay,265,265,each,"small, large",,,,,
Windows,Windows,3' x 4' Vinyl SINGLE HUNG Window with screen & grids,select,3' x 4' Vinyl SINGLE HUNG Window with screen & grids - White,250,245,each,"small, large",,,,,3x4 window.png
Windows,Windows,3' x 4' Vinyl SINGLE HUNG Window with screen & grids,select,3' x 4' Vinyl SINGLE HUNG Window with screen & grids - Almond,300,280,each,"small, large",,,,,3x4 window.png
Windows,Windows,3' x 4' Vinyl SINGLE HUNG Window with screen & grids,select,3' x 4' Vinyl SINGLE HUNG Window with screen & grids - Clay,300,280,each,"small, large",,,,,3x4 window.png
Windows,Windows,2' x 3' Vinyl DOUBLE HUNG Window with screen & grids,select,2' x 3' Vinyl DOUBLE HUNG Window with screen & grids - White,,270,each,large,,,,,
Windows,Windows,2' x 3' Vinyl DOUBLE HUNG Window with screen & grids,select,2' x 3' Vinyl DOUBLE HUNG Window with screen & grids - Almond,,305,each,large,,,,,
Windows,Windows,2' x 3' Vinyl DOUBLE HUNG Window with screen & grids,select,2' x 3' Vinyl DOUBLE HUNG Window with screen & grids - Clay,,305,each,large,,,,,
Windows,Windows,2' x 4' Vinyl DOUBLE HUNG Window with screen & grids,select,2' x 4' Vinyl DOUBLE HUNG Window with screen & grids - White,,340,each,large,,,,,
Windows,Windows,2' x 4' Vinyl DOUBLE HUNG Window with screen & grids,select,2' x 4' Vinyl DOUBLE HUNG Window with screen & grids - Almond,,375,each,large,,,,,
Windows,Windows,2' x 4' Vinyl DOUBLE HUNG Window with screen & grids,select,2' x 4' Vinyl DOUBLE HUNG Window with screen & grids - Clay,,375,each,large,,,,,
Windows,Windows,3' x 4' Vinyl DOUBLE HUNG Window with screen & grids,select,3' x 4' Vinyl DOUBLE HUNG Window with screen & grids - White,,390,each,large,,,,,
Windows,Windows,3' x 4' Vinyl DOUBLE HUNG Window with screen & grids,select,3' x 4' Vinyl DOUBLE HUNG Window with screen & grids - Almond,,425,each,large,,,,,
Windows,Windows,3' x 4' Vinyl DOUBLE HUNG Window with screen & grids,select,3' x 4' Vinyl DOUBLE HUNG Window with screen & grids - Clay,,425,each,large,,,,,
Windows,Skylight,2' x 2' Bubble Skylight,numeric,,95,,each,small,,,,,skylight.png
Windows,Skylight,2' x 2' Skylight - installed in metal roof,numeric,,190,,each,small,,,,,skylight.png
Windows,Skylight,2' x4' Insulated Skylight,numeric,,,565,each,large,,,,,
Windows,Skylight,2' x4' Insulated Skylight - installed in metal roof,numeric,,,665,each,large,,,,,
Windows,Window Add-ons,6-lite Wooden Window,select,6-lite Wooden Window – Arched,120,130,each,"small, large",,,,,
Windows,Window Add-ons,6-lite Wooden Window,select,6-lite Wooden Window – Square,120,130,each,"small, large",,,,,
Windows,Window Add-ons,Transom Windows,select,Transom Windows - White,65,65,each,"small, large",,,,,
Windows,Window Add-ons,Transom Windows,select,Transom Windows - Brown,65,65,each,"small, large",,,,,
Windows,Window Add-ons,Octagon Window,select,Octagon Window - White,60,65,each,"small, large",,,,,
Windows,Window Add-ons,Octagon Window,select,Octagon Window - Brown,60,54,each,"small, large",,,,,
Windows,Window Accessories,Cedar Shutter Set,numeric,,45,,each,"small, large",,,,,shutters.png
Windows,Window Accessories,Cedar Flowerbox,numeric,,45,,each,"small, large",,,,,flowerbox.png
Windows,Window Accessories,Cedar Shutter Set & Flowerbox,numeric,,90,,each,"small, large",,,,,
Windows,Window Accessories,Vinyl Shutter Set Panel Style,numeric,,60,55,each,"small, large",,,,,shutters.png
Windows,Window Accessories,Vinyl Flowerbox,numeric,,50,,each,"small, large",,,,,flowerbox.png
Windows,Window Accessories,Vinyl Shutter Set & Flowerbox,numeric,,110,100,each,"small, large",,,,,
Windows,Custom,Custom Field,text,,,,each,"small, large",,,,,
Cupolas,Cupolas Style,Cupola Style,radio,Windowpane Style,270,275,each,"small, large",,,,,
Cupolas,Cupolas Style,Cupola Style,radio,Traditional Style,270,275,each,"small, large",,,,,
Cupolas,Cupolas Style,Cupola Style,radio,None,0,,each,"small, large",,,,,
Cupolas,Cupolas Style,Copper Colored Metal Roof,checkbox,,80,80,each,"small, large",,,,,
Cupolas,Weathervane,Weathervane,radio,Rooster,65,65,each,"small, large",,,,,
Cupolas,Weathervane,Weathervane,radio,Horse & Carriage,65,65,each,"small, large",,,,,
Cupolas,Weathervane,Weathervane,radio,Horse  ,65,65,each,"small, large",,,,,
Cupolas,Weathervane,Weathervane,radio,Eagle,65,65,each,"small, large",,,,,
Cupolas,Weathervane,Weathervane,radio,None,0,,each,"small, large",,,,,
Cupolas,Add-Ons,Add 110v Light Inside Cupola,checkbox,,30,,each,"small, large",,,,,
Cupolas,Custom,Custom Field,text,,,,each,"small, large",,,,,
Cupolas,Custom,Custom Field,text,,,,each,"small, large",,,,,
Shelves,Shelves,8' x 1' (2 x 4 Joists),numeric,,40,,each,small,,,,,small shelf.png
Shelves,Shelves,10' x 1' (2 x 4 Joists),numeric,,45,,each,small,,,,,small shelf.png
Shelves,Shelves,12' x 1' (2 x 6 Joists),numeric,,55,,each,small,,,,,small shelf.png
Shelves,Shelves,14' x 1' (2 x 6 Joists),numeric,,60,,each,small,,,,,small shelf.png
Shelves,Shelves,16' x 1' (2 x 6 Joists),numeric,,70,,each,small,,,,,small shelf.png
Shelves,Shelves,8' x 2' (2 x 4 Joists),numeric,,50,,each,small,,,,,big shelf.png
Shelves,Shelves,10' x 2' (2 x 4 Joists),numeric,,60,,each,small,,,,,
Shelves,Shelves,12' x 2' (2 x 6 Joists),numeric,,80,80,each,"small, large",,,,,
Shelves,Shelves,14' x 2' (2 x 6 Joists),numeric,,90,90,each,"small, large",,,,,
Shelves,Shelves,16' x 2' (2 x 6 Joists),numeric,,100,100,each,"small, large",,,,,
Shelves,Work Bench,8 x 2 work bench ,numeric,,130,130,each,"small, large",,,,,
Shelves,Work Bench,10 x 2 work bench,numeric,,150,155,each,"small, large",,,,,
Shelves,Work Bench,12 x 2 work bench,numeric,,170,175,each,"small, large",,,,,
Shelves,Custom,Custom Field,text,,,,each,"small, large",,,,,
Lofts,Lofts,"8' x 4' (2 x 4 Joists 24"" O/C)",numeric,,65,,each,small,,,,,loft.png
Lofts,Lofts,"10' x 4' (2 x 4 Joists 24"" O/C)",numeric,,75,,each,small,,,,,loft.png
Lofts,Lofts,"12' x 4' (2 x 6 Joists 24"" O/C)",numeric,,115,115,each,"small, large",,,,,loft.png
Lofts,Lofts,"14' x 4' (2 x 8 Joists 16"" O/C)",numeric,,135,145,each,"small, large",,,,,loft.png
Lofts,Lofts,"16' x 4' (2 x 8 Joists 16"" O/C)",numeric,,155,165,each,"small, large",,,,,loft.png
Lofts,Lofts,"2 x 8 Joists w/ 5/8"" Plywood",checkbox,,,3,sq_ft,large,,,,,
Lofts,Lofts,"2 x 10 Joists w/ 3/4"" Plywood",checkbox,,,3.65,sq_ft,large,,,,,
Lofts,Lofts,"I-Joists w/ 3/4"" Plywood",checkbox,,,4.5,sq_ft,large,,,,,
Lofts,Steps,Loft Steps With Handrail,checkbox,,,455,each,large,,,,,
Lofts,Steps,Loft Steps With Landing & Handrail,checkbox,,,680,each,large,,,,,
Lofts,Steps,1 x 4 Pine Railing,checkbox,,,600,each,large,,,,,
Lofts,Steps,Risers on Steps,checkbox,,,105,each,large,,,,,
Lofts,Steps,Pull-Down Steps,checkbox,,,286,each,large,,,,,
Lofts,Steps,Stair Ladder,checkbox,,,280,each,large,,,,,
Lofts,Steps,Exterior Treated Landing w/ 3 Treads,checkbox,,,286,each,large,,,,,
Lofts,Steps,Additional Exterior Tread,numeric,,,45,each,large,,,,,
Lofts,Steps,Additional Exterior  Landing,numeric,,,370,each,large,,,,,
Lofts,Custom,Custom Field,text,,,,each,"small, large",,,,,
Roof,Roof,Roof,radio,,,,sq_ft,"small, large",,,,,
Roof,Roof,Roof,radio,15# Felt Paper,0.3,,sq_ft,small,,,,,
Roof,Roof,Roof,radio,Metal Roof,1.95,,sq_ft,small,,,,,
Roof,Roof,Roof,radio,Metal Roof on Mini & Craftsman,4.25,,sq_ft,small,,,,,
Roof,Roof,Roof,radio,Metal Roof on Garage & Cedar Brooke,1.65,,sq_ft,large,,,,,
Roof,Roof,Roof,radio,Metal Roof on Dutch Barn & Cabin,2.95,,sq_ft,large,,,,,
Roof,Roof,Roof,radio,None,0,,sq_ft,"small, large",,,,,
Roof,Roof,Metal Roof Color,select,Black,,,each,"small, large",,,,FALSE,
Roof,Roof,Metal Roof Color,select,Brite Red,,,each,"small, large",,,,FALSE,
Roof,Roof,Metal Roof Color,select,Bronze,,,each,"small, large",,,,FALSE,
Roof,Roof,Metal Roof Color,select,Brown,,,each,"small, large",,,,FALSE,
Roof,Roof,Metal Roof Color,select,Burgundy,,,each,"small, large",,,,FALSE,
Roof,Roof,Metal Roof Color,select,Charcoal,,,each,"small, large",,,,FALSE,
Roof,Roof,Metal Roof Color,select,Clay,,,each,"small, large",,,,FALSE,
Roof,Roof,Metal Roof Color,select,Copper,,,each,"small, large",,,,FALSE,
Roof,Roof,Metal Roof Color,select,Gallery Blue,,,each,"small, large",,,,FALSE,
Roof,Roof,Metal Roof Color,select,Galvalume,,,each,"small, large",,,,FALSE,
Roof,Roof,Metal Roof Color,select,Green,,,each,"small, large",,,,FALSE,
Roof,Roof,Metal Roof Color,select,Hawiian Blue,,,each,"small, large",,,,FALSE,
Roof,Roof,Metal Roof Color,select,Light Gray,,,each,"small, large",,,,FALSE,
Roof,Roof,Metal Roof Color,select,Light Stone,,,each,"small, large",,,,FALSE,
Roof,Roof,Metal Roof Color,select,Rustic Red,,,each,"small, large",,,,FALSE,
Roof,Roof,Metal Roof Color,select,Tan,,,each,"small, large",,,,FALSE,
Roof,Roof,Metal Roof Color,select,White,,,each,"small, large",,,,FALSE,
Roof,Shingles,Shingles,radio,25 Year Shingles,,,sq_ft,"small, large",,,,,
Roof,Shingles,Shingles,radio,30-Year Shingle Upgrade,0.5,,sq_ft,"small, large",,,,,
Roof,Shingles,Shingle Color,select,Driftwood,,,each,"small, large",,,,FALSE,
Roof,Shingles,Shingle Color,select,Brownwood,,,each,"small, large",,,,FALSE,
Roof,Shingles,Shingle Color,select,Desert Tan,,,each,"small, large",,,,FALSE,
Roof,Shingles,Shingle Color,select,Estate Gray,,,each,"small, large",,,,FALSE,
Roof,Shingles,Shingle Color,select,Siera Gray,,,each,"small, large",,,,FALSE,
Roof,Shingles,Shingle Color,select,Onyx Black,,,each,"small, large",,,,FALSE,
Roof,Shingles,Shingle Color,select,Chateau Green,,,each,"small, large",,,,FALSE,
Roof,Shingles,Shingle Color,select,Teak,,,each,"small, large",,,,FALSE,
Roof,Drip Edge,Drip Edge Color,select,Brown,,,each,"small, large",,,,FALSE,
Roof,Drip Edge,Drip Edge Color,select,White,,,each,"small, large",,,,FALSE,
Roof,Custom,Custom Field,text,,,,each,"small, large",,,,,
Roof,Custom,Custom Field,text,,,,each,"small, large",,,,,
Paint & Stain,Paint,Paint,radio,Paint Prebuilt Mini & Gable,1.85,,sq_ft,small,Non-vinyl,prebuilt,,,
Paint & Stain,Paint,Paint,radio,"Paint Prebuilt Estate, Sugarcreek, Cottage, & Craftsman",2.45,,sq_ft,small,Non-vinyl,prebuilt,,,
Paint & Stain,Paint,Paint,radio,Paint Prebuilt Highland,2.6,,sq_ft,small,Non-vinyl,prebuilt,,,
Paint & Stain,Paint,Paint,radio,None,0,,sq_ft,small,Non-vinyl,prebuilt,,,
Paint & Stain,Paint,Paint w/Non-Stock Color (add),checkbox,,0.5,,sq_ft,"small, large",Non-vinyl,prebuilt,,,
Paint & Stain,Paint,Paint for AOS,checkbox,,,,each,"small, large",Non-vinyl,aos,,FALSE,
Paint & Stain,Paint,Paint Color,select,Navajo White,,,each,"small, large",Non-vinyl,,,FALSE,
Paint & Stain,Paint,Paint Color,select,Almond,,,each,"small, large",Non-vinyl,,,FALSE,
Paint & Stain,Paint,Paint Color,select,Buckskin,,,each,"small, large",Non-vinyl,,,FALSE,
Paint & Stain,Paint,Paint Color,select,Clay,,,each,"small, large",Non-vinyl,,,FALSE,
Paint & Stain,Paint,Paint Color,select,Shale,,,each,"small, large",Non-vinyl,,,FALSE,
Paint & Stain,Paint,Paint Color,select,Brown,,,each,"small, large",Non-vinyl,,,FALSE,
Paint & Stain,Paint,Paint Color,select,Bronze,,,each,"small, large",Non-vinyl,,,FALSE,
Paint & Stain,Paint,Paint Color,select,Spice,,,each,"small, large",Non-vinyl,,,FALSE,
Paint & Stain,Paint,Paint Color,select,Pinnacle Red,,,each,"small, large",Non-vinyl,,,FALSE,
Paint & Stain,Paint,Paint Color,select,Mountain Red,,,each,"small, large",Non-vinyl,,,FALSE,
Paint & Stain,Paint,Paint Color,select,Jamestown Red,,,each,"small, large",Non-vinyl,,,FALSE,
Paint & Stain,Paint,Paint Color,select,Woodland Green,,,each,"small, large",Non-vinyl,,,FALSE,
Paint & Stain,Paint,Paint Color,select,Wild Grasses,,,each,"small, large",Non-vinyl,,,FALSE,
Paint & Stain,Paint,Paint Color,select,Avocado,,,each,"small, large",Non-vinyl,,,FALSE,
Paint & Stain,Paint,Paint Color,select,Cream,,,each,"small, large",Non-vinyl,,,FALSE,
Paint & Stain,Paint,Paint Color,select,Barn White,,,each,"small, large",Non-vinyl,,,FALSE,
Paint & Stain,Paint,Paint Color,select,Jasper Gray,,,each,"small, large",Non-vinyl,,,FALSE,
Paint & Stain,Paint,Paint Color,select,Steel Gray,,,each,"small, large",Non-vinyl,,,FALSE,
Paint & Stain,Paint,Paint Color,select,Charcoal,,,each,"small, large",Non-vinyl,,,FALSE,
Paint & Stain,Paint,Paint Color,select,Dark Gray,,,each,small,Non-vinyl,,,FALSE,
Paint & Stain,Paint,Paint Color,select,Black,,,each,small,Non-vinyl,,,FALSE,
Paint & Stain,Paint,Trim Color,select,Navajo White,,,each,"small, large",,,,FALSE,
Paint & Stain,Paint,Trim Color,select,Almond,,,each,"small, large",,,,FALSE,
Paint & Stain,Paint,Trim Color,select,Buckskin,,,each,"small, large",,,,FALSE,
Paint & Stain,Paint,Trim Color,select,Clay,,,each,"small, large",,,,FALSE,
Paint & Stain,Paint,Trim Color,select,Shale,,,each,"small, large",,,,FALSE,
Paint & Stain,Paint,Trim Color,select,Brown,,,each,"small, large",,,,FALSE,
Paint & Stain,Paint,Trim Color,select,Bronze,,,each,"small, large",,,,FALSE,
Paint & Stain,Paint,Trim Color,select,Spice,,,each,"small, large",,,,FALSE,
Paint & Stain,Paint,Trim Color,select,Pinnacle Red,,,each,"small, large",,,,FALSE,
Paint & Stain,Paint,Trim Color,select,Mountain Red,,,each,"small, large",,,,FALSE,
Paint & Stain,Paint,Trim Color,select,Jamestown Red,,,each,"small, large",,,,FALSE,
Paint & Stain,Paint,Trim Color,select,Woodland Green,,,each,"small, large",,,,FALSE,
Paint & Stain,Paint,Trim Color,select,Wild Grasses,,,each,"small, large",,,,FALSE,
Paint & Stain,Paint,Trim Color,select,Avocado,,,each,"small, large",,,,FALSE,
Paint & Stain,Paint,Trim Color,select,Cream,,,each,"small, large",,,,FALSE,
Paint & Stain,Paint,Trim Color,select,Barn White,,,each,"small, large",,,,FALSE,
Paint & Stain,Paint,Trim Color,select,Jasper Gray,,,each,"small, large",,,,FALSE,
Paint & Stain,Paint,Trim Color,select,Steel Gray,,,each,"small, large",,,,FALSE,
Paint & Stain,Paint,Trim Color,select,Charcoal,,,each,"small, large",,,,FALSE,
Paint & Stain,Paint,Trim Color,select,Dark Gray,,,each,small,,,,FALSE,
Paint & Stain,Paint,Trim Color,select,Black,,,each,small,,,,FALSE,
Paint & Stain,Stain,Stain,radio,Stain Prebuilt Mini & Gable,3,,sq_ft,small,Non-vinyl,prebuilt,,,
Paint & Stain,Stain,Stain,radio,"Stain Prebuilt Estate, Sugarcreek, Cottage, & Craftsman",4.3,,sq_ft,small,Non-vinyl,prebuilt,,,
Paint & Stain,Stain,Stain,radio,Stain Prebuilt Highland,4.5,,sq_ft,small,Non-vinyl,prebuilt,,,
Paint & Stain,Stain,Stain,radio,None,0,,sq_ft,small,Non-vinyl,prebuilt,,,
Paint & Stain,Stain,Stain for AOS,checkbox,,,,each,"small, large",Non-vinyl,aos,,FALSE,
Paint & Stain,Stain,Stain Color,select,Natural,,,each,"small, large",Non-vinyl,,,FALSE,
Paint & Stain,Stain,Stain Color,select,Caramel,,,each,"small, large",Non-vinyl,,,FALSE,
Paint & Stain,Stain,Stain Color,select,Bronze,,,each,"small, large",Non-vinyl,,,FALSE,
Paint & Stain,Stain,Stain Color,select,Bark ,,,each,"small, large",Non-vinyl,,,FALSE,
Paint & Stain,Stain,Stain Color,select,Chestnut,,,each,"small, large",Non-vinyl,,,FALSE,
Paint & Stain,Stain,Stain Color,select,Smoke,,,each,"small, large",Non-vinyl,,,FALSE,
Paint & Stain,Vinyl,Vinyl Color,select,White,,,each,"small, large",vinyl,,,FALSE,
Paint & Stain,Vinyl,Vinyl Color,select,Linen,,,each,"small, large",vinyl,,,FALSE,
Paint & Stain,Vinyl,Vinyl Color,select,Birchwood,,,each,"small, large",vinyl,,,FALSE,
Paint & Stain,Vinyl,Vinyl Color,select,Cream,,,each,"small, large",vinyl,,,FALSE,
Paint & Stain,Vinyl,Vinyl Color,select,Antique White,,,each,"small, large",vinyl,,,FALSE,
Paint & Stain,Vinyl,Vinyl Color,select,Sandpiper,,,each,"small, large",vinyl,,,FALSE,
Paint & Stain,Vinyl,Vinyl Color,select,Sienna,,,each,"small, large",vinyl,,,FALSE,
Paint & Stain,Vinyl,Vinyl Color,select,Sand   ,,,each,"small, large",vinyl,,,FALSE,
Paint & Stain,Vinyl,Vinyl Color,select,Mist,,,each,"small, large",vinyl,,,FALSE,
Paint & Stain,Vinyl,Vinyl Color,select,Sandalwood,,,each,"small, large",vinyl,,,FALSE,
Paint & Stain,Vinyl,Vinyl Color,select,Gray,,,each,"small, large",vinyl,,,FALSE,
Paint & Stain,Vinyl,Vinyl Color,select,Pewter,,,each,"small, large",vinyl,,,FALSE,
Paint & Stain,Vinyl,Vinyl Color,select,Clay ,,,each,"small, large",vinyl,,,FALSE,
Paint & Stain,Vinyl,Vinyl Color,select,Chateau,,,each,"small, large",vinyl,,,FALSE,
Paint & Stain,Vinyl,Vinyl Color,select,Everest,,,each,"small, large",vinyl,,,FALSE,
Paint & Stain,Wood Door Color Option,Wood Door Color Option,select,truffle,,,each,"small, large",,,,FALSE,
Paint & Stain,Wood Door Color Option,Wood Door Color Option,select,lemon grass,,,each,"small, large",,,,FALSE,
Paint & Stain,Wood Door Color Option,Wood Door Color Option,select,belmont blue,,,each,"small, large",,,,FALSE,
Paint & Stain,Wood Door Color Option,Wood Door Color Option,select,steel blue,,,each,"small, large",,,,FALSE,
Paint & Stain,Wood Door Color Option,Wood Door Color Option,select,pinnacle red,,,each,"small, large",,,,FALSE,
Paint & Stain,Wood Door Color Option,Wood Door Color Option,select,mountain red,,,each,"small, large",,,,FALSE,
Paint & Stain,Wood Door Color Option,Wood Door Color Option,select,woodland green,,,each,"small, large",,,,FALSE,
Paint & Stain,Wood Door Color Option,Wood Door Color Option,select,wild grasses,,,each,"small, large",,,,FALSE,
Paint & Stain,Wood Door Color Option,Wood Door Color Option,select,pequea green,,,each,"small, large",,,,FALSE,
Paint & Stain,Wood Door Color Option,Wood Door Color Option,select,hunter green,,,each,"small, large",,,,FALSE,
Paint & Stain,Wood Door Color Option,Wood Door Color Option,select,barn white,,,each,"small, large",,,,FALSE,
Paint & Stain,Wood Door Color Option,Wood Door Color Option,select,zook gray,,,each,"small, large",,,,FALSE,
Paint & Stain,Wood Door Color Option,Wood Door Color Option,select,dark gray,,,each,"small, large",,,,FALSE,
Paint & Stain,Wood Door Color Option,Wood Door Color Option,select,black,,,each,"small, large",,,,FALSE,
Paint & Stain,Wood Door Color Option,Wood Door Color Option,select,navajo white,,,each,"small, large",,,,FALSE,
Paint & Stain,Wood Door Color Option,Wood Door Color Option,select,almond,,,each,"small, large",,,,FALSE,
Paint & Stain,Wood Door Color Option,Wood Door Color Option,select,buckskin,,,each,"small, large",,,,FALSE,
Paint & Stain,Wood Door Color Option,Wood Door Color Option,select,clay,,,each,"small, large",,,,FALSE,
Paint & Stain,Wood Door Color Option,Wood Door Color Option,select,shale,,,each,"small, large",,,,FALSE,
Paint & Stain,Wood Door Color Option,Wood Door Color Option,select,brown,,,each,"small, large",,,,FALSE,
Paint & Stain,Wood Door Color Option,Wood Door Color Option,select,non stock paint,,,each,"small, large",,,,FALSE,
Paint & Stain,Wood Door Color Option,Wood Door Color Option,select,natural,,,each,"small, large",,,,FALSE,
Paint & Stain,Wood Door Color Option,Wood Door Color Option,select,caramel,,,each,"small, large",,,,FALSE,
Paint & Stain,Wood Door Color Option,Wood Door Color Option,select,bronze,,,each,"small, large",,,,FALSE,
Paint & Stain,Wood Door Color Option,Wood Door Color Option,select,bark ,,,each,"small, large",,,,FALSE,
Paint & Stain,Wood Door Color Option,Wood Door Color Option,select,chestnut,,,each,"small, large",,,,FALSE,
Paint & Stain,Wood Door Color Option,Wood Door Color Option,select,smoke,,,each,"small, large",,,,FALSE,
Paint & Stain,Wood Door Color Option,Wood Door Custom Color Option,text,,,,each,"small, large",,,,FALSE,
Paint & Stain,Steel Door Color Option,Steel Door Color Option,select,White,160,,each,"small, large",,,,FALSE,
Paint & Stain,Steel Door Color Option,Steel Door Color Option,select,Linen,160,,each,"small, large",,,,FALSE,
Paint & Stain,Steel Door Color Option,Steel Door Color Option,select,Jamocha,160,,each,"small, large",,,,FALSE,
Paint & Stain,Steel Door Color Option,Steel Door Color Option,select,Almond,160,,each,"small, large",,,,FALSE,
Paint & Stain,Steel Door Color Option,Steel Door Color Option,select,Sand,160,,each,"small, large",,,,FALSE,
Paint & Stain,Steel Door Color Option,Steel Door Color Option,select,Terra Clay,160,,each,"small, large",,,,FALSE,
Paint & Stain,Steel Door Color Option,Steel Door Color Option,select,Sable,160,,each,"small, large",,,,FALSE,
Paint & Stain,Steel Door Color Option,Steel Door Color Option,select,Golden Prairie,160,,each,"small, large",,,,FALSE,
Paint & Stain,Steel Door Color Option,Steel Door Color Option,select,Midnight Blue,160,,each,"small, large",,,,FALSE,
Paint & Stain,Steel Door Color Option,Steel Door Color Option,select,Concord Blue,160,,each,"small, large",,,,FALSE,
Paint & Stain,Steel Door Color Option,Steel Door Color Option,select,Charcoal,160,,each,"small, large",,,,FALSE,
Paint & Stain,Steel Door Color Option,Steel Door Color Option,select,Tuxedo Gray,160,,each,"small, large",,,,FALSE,
Paint & Stain,Steel Door Color Option,Steel Door Color Option,select,Evergreen,160,,each,"small, large",,,,FALSE,
Paint & Stain,Steel Door Color Option,Steel Door Color Option,select,Rustic Red,160,,each,"small, large",,,,FALSE,
Paint & Stain,Steel Door Color Option,Steel Door Color Option,select,Deep Ruby,160,,each,"small, large",,,,FALSE,
Paint & Stain,Steel Door Color Option,Steel Door Color Option,select,Cordavan,160,,each,"small, large",,,,FALSE,
Paint & Stain,Steel Door Color Option,Steel Door Color Option,select,Royal Brown,160,,each,"small, large",,,,FALSE,
Paint & Stain,Steel Door Color Option,Steel Door Color Option,select,Black,160,,each,"small, large",,,,FALSE,
Paint & Stain,Steel Door Color Option,Steel Door Custom Color Option,text,,,,each,"small, large",,,,FALSE,
Paint & Stain,Overhead Door Add-Ons,OHD Color Option,select,White,,,each,"small, large",,,,FALSE,
Paint & Stain,Overhead Door Add-Ons,OHD Color Option,select,Almond,,,each,"small, large",,,,FALSE,
Paint & Stain,Overhead Door Add-Ons,OHD Color Option,select,Sandstone,,,each,"small, large",,,,FALSE,
Paint & Stain,Overhead Door Add-Ons,OHD Color Option,select,Brown,,,each,"small, large",,,,FALSE,
Paint & Stain,Overhead Door Add-Ons,OHD Custom Color Option,text,,,,each,"small, large",,,,FALSE,
Paint & Stain,Custom,Custom Field,text,,,,each,"small, large",,,,,
Foundation,Foundation,"Site Prep w/Patio Blocks up to 8"" high",checkbox,,2,,sq_ft,small,,,,,
Foundation,Foundation,Post Perimeter Foundation,checkbox,,,23,ln_ft,large,,,,,
Foundation,Foundation,Drop Slope Height,select_price,1 – 3 feet,,,each,"small, large",,,,FALSE,
Foundation,Foundation,Drop Slope Height,select_price,3 – 6 feet,,,each,"small, large",,,,FALSE,
Foundation,Foundation,Drop Slope Height,select_price,6 – 9 feet,,,each,"small, large",,,,FALSE,
Foundation,Custom,Custom Field,text,,,,each,"small, large",,,,,
Misc Options,Misc,Cedar Railing,check_length,,23,23,ln_ft,large,,,,,
Misc Options,Misc,Vinyl Railing,check_length,,46,50,ln_ft,large,,,,,
Misc Options,Misc,House Wrap,checkbox,,,3.25,ln_ft,large,,,,,
Misc Options,Misc,"Door Awning for Man Door (56"")",numeric,,,400,each,large,,,,,
Misc Options,Misc,Door Awning for Man Door (22'),numeric,,,1090,each,large,,,,,
Misc Options,Custom,Custom Field,text,,,,each,"small, large",,,,,
